{"sheetsById":{"Chunk Sheet":{"staticOverrides":{"byObject":{"chuk":{"position":{"x":-1,"y":-0.9,"z":2.951364718427371},"scale":{"x":0.005902047572755275,"y":0.0033500260446393836,"z":0.006775581060760804}},"light 1":{"position":{"x":0.9889976636721283,"y":1,"z":6.380313349418702},"scale":{"x":1,"y":1,"z":3.8435038504576133}},"light 2":{"position":{"x":-2.6320768035424362,"y":1.6320768035424928,"z":1.8306381739525717},"scale":{"x":4.292482396918489,"y":1,"z":1},"intensity":100}}}}},"definitionVersion":"0.4.0","revisionHistory":["enGrtGwfOl04mU5z","AtsjUC_N9JYrRvhQ","Ej48EasLypf9n84V","cZRwNLds8l6EBvTJ"]}